column,type,description,Locus,CHROMhg38,POShg38,POShg19,cytoband,Gene,REF,ALT,FILTER,n_unique,n_missing,pct_missing
adrc_id,ID,ADRC participant unique identifier,,,,,,,,,,400,0,0
pidn,ID,Participant identification number,,,,,,,,,,400,0,0
rs113020870,categorical,"Genotype call for SNP rs113020870 (0=REF/REF, 1=REF/ALT or ALT/ALT, -9=missing)",chr1:485377-1485377,chr1,1049997,985377,1p36.33,AGRN,C,T,PASS,2,0,0
rs141749679,categorical,"Genotype call for SNP rs141749679 (0=REF/REF, 1=REF/ALT or ALT/ALT, -9=missing)",chr1:109388432-110388432,chr1,109345810,109888432,1p13.3,SORT1,T,C,PASS,3,0,0
rs4575098,categorical,"Genotype call for SNP rs4575098 (0=REF/REF, 1=REF/ALT or ALT/ALT, -9=missing)",chr1:160655392-161655392,chr1,161185602,161155392,1q23.3,ADAMTS4,G,A,PASS,3,0,0
rs6656401,categorical,"Genotype call for SNP rs6656401 (0=REF/REF, 1=REF/ALT or ALT/ALT, -9=missing)",chr1:207192049-208302552,chr1,207518704,207692049,1q32.2,CR1,A,G,PASS,3,0,0
rs679515,categorical,"Genotype call for SNP rs679515 (0=REF/REF, 1=REF/ALT or ALT/ALT, -9=missing)",chr1:207192049-208302552,chr1,207577223,207750568,1q32.2,CR1,T,C,PASS,4,0,0
rs2093760,categorical,"Genotype call for SNP rs2093760 (0=REF/REF, 1=REF/ALT or ALT/ALT, -9=missing)",chr1:207192049-208302552,chr1,207613483,207786828,1q32.2,CR1,A,G,PASS,3,0,0
rs4844610,categorical,"Genotype call for SNP rs4844610 (0=REF/REF, 1=REF/ALT or ALT/ALT, -9=missing)",chr1:207192049-208302552,chr1,207629207,207802552,1q32.2,CR1,A,C,PASS,3,0,0
rs11257238,categorical,"Genotype call for SNP rs11257238 (0=REF/REF, 1=REF/ALT or ALT/ALT, -9=missing)",chr10:11217397-12220308,chr10,11675398,11717397,10p14,USP6NL,T,C,PASS,3,0,0
rs7912495,categorical,"Genotype call for SNP rs7912495 (0=REF/REF, 1=REF/ALT or ALT/ALT, -9=missing)",chr10:11217397-12220308,chr10,11676714,11718713,10p14,USP6NL,A,G,PASS,3,0,0
rs7920721,categorical,"Genotype call for SNP rs7920721 (0=REF/REF, 1=REF/ALT or ALT/ALT, -9=missing)",chr10:11217397-12220308,chr10,11678309,11720308,10p14,ECHDC3,A,G,PASS,3,0,0
rs7908662,categorical,"Genotype call for SNP rs7908662 (0=REF/REF, 1=REF/ALT or ALT/ALT, -9=missing)",chr10:123672912-124672912,chr10,122413396,124172912,10q26.13,PLEKHA1,A,G,PASS,4,0,0
rs7902657,categorical,"Genotype call for SNP rs7902657 (0=REF/REF, 1=REF/ALT or ALT/ALT, -9=missing)",chr10:61238152-62284928,chr10,59978394,61738152,10q21.2,ANK3,G,T,PASS,3,0,0
rs7068231,categorical,"Genotype call for SNP rs7068231 (0=REF/REF, 1=REF/ALT or ALT/ALT, -9=missing)",chr10:61238152-62284928,chr10,60025170,61784928,10q21.2,ANK3,T,G,PASS,3,0,0
rs6586028,categorical,"Genotype call for SNP rs6586028 (0=REF/REF, 1=REF/ALT or ALT/ALT, -9=missing)",chr10:81753984-82753984,chr10,80494228,82253984,10q23.1,TSPAN14,C,T,PASS,3,0,0
rs6584063,categorical,"Genotype call for SNP rs6584063 (0=REF/REF, 1=REF/ALT or ALT/ALT, -9=missing)",chr10:97526407-98526407,chr10,96266650,98026407,10q24.1,BLNK,G,A,PASS,2,0,0
rs74685827,categorical,"Genotype call for SNP rs74685827 (0=REF/REF, 1=REF/ALT or ALT/ALT, -9=missing)",chr11:120853077-121935587,chr11,121482368,121353077,11q24.1,SORL1,T,G,PASS,2,0,0
rs11218343,categorical,"Genotype call for SNP rs11218343 (0=REF/REF, 1=REF/ALT or ALT/ALT, -9=missing)",chr11:120853077-121935587,chr11,121564878,121435587,11q24.1,SORL1,T,C,PASS,3,0,0
rs3740688,categorical,"Genotype call for SNP rs3740688 (0=REF/REF, 1=REF/ALT or ALT/ALT, -9=missing)",chr11:46880340-48057871,chr11,47358789,47380340,11p11.2,SPI1,G,T,PASS,3,0,0
rs10437655,categorical,"Genotype call for SNP rs10437655 (0=REF/REF, 1=REF/ALT or ALT/ALT, -9=missing)",chr11:46880340-48057871,chr11,47370397,47391948,11p11.2,SPI1,G,A,PASS,3,0,0
rs12292911,categorical,"Genotype call for SNP rs12292911 (0=REF/REF, 1=REF/ALT or ALT/ALT, -9=missing)",chr11:46880340-48057871,chr11,47427521,47449072,11p11.2,PSMC3,G,A,PASS,3,0,0
rs10838725,categorical,"Genotype call for SNP rs10838725 (0=REF/REF, 1=REF/ALT or ALT/ALT, -9=missing)",chr11:46880340-48057871,chr11,47536319,47557871,11p11.2,CELF1,T,C,PASS,3,0,0
rs983392,categorical,"Genotype call for SNP rs983392 (0=REF/REF, 1=REF/ALT or ALT/ALT, -9=missing)",chr11:59423508-60521948,chr11,60156035,59923508,11q12.2,MS4A6A,A,G,PASS,4,0,0
rs7933202,categorical,"Genotype call for SNP rs7933202 (0=REF/REF, 1=REF/ALT or ALT/ALT, -9=missing)",chr11:59423508-60521948,chr11,60169453,59936926,11q12.2,MS4A6A,A,C,PASS,3,0,0
rs2081545,categorical,"Genotype call for SNP rs2081545 (0=REF/REF, 1=REF/ALT or ALT/ALT, -9=missing)",chr11:59423508-60521948,chr11,60190907,59958380,11q12.2,MS4A4A,C,A,PASS,3,0,0
rs1582763,categorical,"Genotype call for SNP rs1582763 (0=REF/REF, 1=REF/ALT or ALT/ALT, -9=missing)",chr11:59423508-60521948,chr11,60254475,60021948,11q12.2,MS4A4A,G,A,PASS,3,0,0
rs867611,categorical,"Genotype call for SNP rs867611 (0=REF/REF, 1=REF/ALT or ALT/ALT, -9=missing)",chr11:85276544-86368640,chr11,86065502,85776544,11q14.2,PICALM,G,A,PASS,4,0,0
rs561655,categorical,"Genotype call for SNP rs561655 (0=REF/REF, 1=REF/ALT or ALT/ALT, -9=missing)",chr11:85276544-86368640,chr11,86089237,85800279,11q14.2,PICALM,G,A,PASS,3,0,0
rs10792832,categorical,"Genotype call for SNP rs10792832 (0=REF/REF, 1=REF/ALT or ALT/ALT, -9=missing)",chr11:85276544-86368640,chr11,86156833,85867875,11q14.2,PICALM,A,G,PASS,3,0,0
rs3851179,categorical,"Genotype call for SNP rs3851179 (0=REF/REF, 1=REF/ALT or ALT/ALT, -9=missing)",chr11:85276544-86368640,chr11,86157598,85868640,11q14.2,EED,T,C,PASS,3,0,0
rs6489896,categorical,"Genotype call for SNP rs6489896 (0=REF/REF, 1=REF/ALT or ALT/ALT, -9=missing)",chr12:113219788-114219788,chr12,113281983,113719788,12q24.13,TPCN1,T,C,PASS,4,0,0
rs7157106,categorical,"Genotype call for SNP rs7157106 (0=REF/REF, 1=REF/ALT or ALT/ALT, -9=missing)",chr14:105728095-107621607,chr14,105761758,106228095,14q32.33,TMEM121,A,G,PASS,3,0,0
rs10131280,categorical,"Genotype call for SNP rs10131280 (0=REF/REF, 1=REF/ALT or ALT/ALT, -9=missing)",chr14:105728095-107621607,chr14,106665591,107121607,14q32.33,TMEM121,G,A,PASS,4,0,0
rs7146179,categorical,"Genotype call for SNP rs7146179 (0=REF/REF, 1=REF/ALT or ALT/ALT, -9=missing)",chr14:52798853-53900629,chr14,52832135,53298853,14q22.1,FERMT2,A,G,PASS,3,0,0
rs17125924,categorical,"Genotype call for SNP rs17125924 (0=REF/REF, 1=REF/ALT or ALT/ALT, -9=missing)",chr14:52798853-53900629,chr14,52924962,53391680,14q22.1,FERMT2,A,G,PASS,4,0,0
rs17125944,categorical,"Genotype call for SNP rs17125944 (0=REF/REF, 1=REF/ALT or ALT/ALT, -9=missing)",chr14:52798853-53900629,chr14,52933911,53400629,14q22.1,FERMT2,T,C,PASS,3,0,0
rs10498633,categorical,"Genotype call for SNP rs10498633 (0=REF/REF, 1=REF/ALT or ALT/ALT, -9=missing)",chr14:92426952-93438855,chr14,92460608,92926952,14q32.12,SLC24A4,G,T,PASS,3,0,0
rs7401792,categorical,"Genotype call for SNP rs7401792 (0=REF/REF, 1=REF/ALT or ALT/ALT, -9=missing)",chr14:92426952-93438855,chr14,92464917,92931261,14q32.12,SLC24A4,G,A,PASS,3,0,0
rs12881735,categorical,"Genotype call for SNP rs12881735 (0=REF/REF, 1=REF/ALT or ALT/ALT, -9=missing)",chr14:92426952-93438855,chr14,92466484,92932828,14q32.12,SLC24A4,T,C,PASS,3,0,0
rs12590654,categorical,"Genotype call for SNP rs12590654 (0=REF/REF, 1=REF/ALT or ALT/ALT, -9=missing)",chr14:92426952-93438855,chr14,92472511,92938855,14q32.12,SLC24A4,G,A,PASS,3,0,0
rs8025980,categorical,"Genotype call for SNP rs8025980 (0=REF/REF, 1=REF/ALT or ALT/ALT, -9=missing)",chr15:50494011-51501534,chr15,50701814,50994011,15q21.2,SPPL2A,A,G,PASS,4,0,0
rs59685680,categorical,"Genotype call for SNP rs59685680 (0=REF/REF, 1=REF/ALT or ALT/ALT, -9=missing)",chr15:50494011-51501534,chr15,50709337,51001534,15q21.2,SPPL2A,T,G,PASS,3,0,0
rs442495,categorical,"Genotype call for SNP rs442495 (0=REF/REF, 1=REF/ALT or ALT/ALT, -9=missing)",chr15:58522615-59557023,chr15,58730416,59022615,15q21.3,ADAM10,T,C,PASS,3,0,0
rs593742,categorical,"Genotype call for SNP rs593742 (0=REF/REF, 1=REF/ALT or ALT/ALT, -9=missing)",chr15:58522615-59557023,chr15,58753575,59045774,15q21.3,ADAM10,A,G,PASS,3,0,0
rs602602,categorical,"Genotype call for SNP rs602602 (0=REF/REF, 1=REF/ALT or ALT/ALT, -9=missing)",chr15:58522615-59557023,chr15,58764824,59057023,15q21.3,MINDY2,T,A,PASS,3,0,0
rs117618017,categorical,"Genotype call for SNP rs117618017 (0=REF/REF, 1=REF/ALT or ALT/ALT, -9=missing)",chr15:63069902-64923506,chr15,63277703,63569902,15q22.2,APH1B,C,T,PASS,3,0,0
rs3848143,categorical,"Genotype call for SNP rs3848143 (0=REF/REF, 1=REF/ALT or ALT/ALT, -9=missing)",chr15:63069902-64923506,chr15,64131307,64423506,15q22.31,SNX1,G,A,PASS,3,0,0
rs12592898,categorical,"Genotype call for SNP rs12592898 (0=REF/REF, 1=REF/ALT or ALT/ALT, -9=missing)",chr15:78729199-79729199,chr15,78936857,79229199,15q25.1,CTSH,A,G,PASS,3,0,0
rs1140239,categorical,"Genotype call for SNP rs1140239 (0=REF/REF, 1=REF/ALT or ALT/ALT, -9=missing)",chr16:29521402-30521402,chr16,30010081,30021402,16p11.2,DOC2A,C,T,PASS,3,0,0
rs889555,categorical,"Genotype call for SNP rs889555 (0=REF/REF, 1=REF/ALT or ALT/ALT, -9=missing)",chr16:30622571-31633100,chr16,31111250,31122571,16p11.2,BCKDK,C,T,PASS,3,0,0
rs59735493,categorical,"Genotype call for SNP rs59735493 (0=REF/REF, 1=REF/ALT or ALT/ALT, -9=missing)",chr16:30622571-31633100,chr16,31121779,31133100,16p11.2,KAT8,G,A,PASS,3,0,0
rs4985556,categorical,"Genotype call for SNP rs4985556 (0=REF/REF, 1=REF/ALT or ALT/ALT, -9=missing)",chr16:70194000-71194000,chr16,70660097,70694000,16q22.1,IL34,C,A,PASS,3,0,0
rs62039712,categorical,"Genotype call for SNP rs62039712 (0=REF/REF, 1=REF/ALT or ALT/ALT, -9=missing)",chr16:78855857-80108408,chr16,79321960,79355857,16q23.2,WWOX,G,A,PASS,2,0,0
rs450674,categorical,"Genotype call for SNP rs450674 (0=REF/REF, 1=REF/ALT or ALT/ALT, -9=missing)",chr16:78855857-80108408,chr16,79574511,79608408,16q23.2,MAF,T,C,PASS,3,0,0
rs12446759,categorical,"Genotype call for SNP rs12446759 (0=REF/REF, 1=REF/ALT or ALT/ALT, -9=missing)",chr16:81273003-82442028,chr16,81739398,81773003,16q23.3,PLCG2,G,A,PASS,3,0,0
rs12444183,categorical,"Genotype call for SNP rs12444183 (0=REF/REF, 1=REF/ALT or ALT/ALT, -9=missing)",chr16:81273003-82442028,chr16,81739604,81773209,16q23.3,PLCG2,A,G,PASS,3,0,0
rs72824905,categorical,"Genotype call for SNP rs72824905 (0=REF/REF, 1=REF/ALT or ALT/ALT, -9=missing)",chr16:81273003-82442028,chr16,81908423,81942028,16q23.3,PLCG2,C,G,PASS,2,0,0
rs16941239,categorical,"Genotype call for SNP rs16941239 (0=REF/REF, 1=REF/ALT or ALT/ALT, -9=missing)",chr16:85954210-86954210,chr16,86420604,86454210,16q24.1,FOXF1,T,A,PASS,4,0,0
rs56407236,categorical,"Genotype call for SNP rs56407236 (0=REF/REF, 1=REF/ALT or ALT/ALT, -9=missing)",chr16:89670095-90670095,chr16,90103687,90170095,16q24.3,PRDM7,G,A,PASS,2,0,0
rs2242595,categorical,"Genotype call for SNP rs2242595 (0=REF/REF, 1=REF/ALT or ALT/ALT, -9=missing)",chr17:17559454-18559454,chr17,18156140,18059454,17p11.2,MYO15A,G,A,PASS,3,0,0
rs5848,categorical,"Genotype call for SNP rs5848 (0=REF/REF, 1=REF/ALT or ALT/ALT, -9=missing)",chr17:41930244-42942344,chr17,44352876,42430244,17q21.31,GRN,C,T,PASS,3,0,0
rs708382,categorical,"Genotype call for SNP rs708382 (0=REF/REF, 1=REF/ALT or ALT/ALT, -9=missing)",chr17:41930244-42942344,chr17,44364976,42442344,17q21.31,FAM171A2,T,C,PASS,3,0,0
rs199515,categorical,"Genotype call for SNP rs199515 (0=REF/REF, 1=REF/ALT or ALT/ALT, -9=missing)",chr17:44356641-45356641,chr17,46779275,44856641,17q21.31,WNT3,G,C,PASS,3,0,0
rs616338,categorical,"Genotype call for SNP rs616338 (0=REF/REF, 1=REF/ALT or ALT/ALT, -9=missing)",chr17:46797297-47950775,chr17,49219935,47297297,17q21.32,ABI3,T,C,PASS,4,0,0
rs28394864,categorical,"Genotype call for SNP rs28394864 (0=REF/REF, 1=REF/ALT or ALT/ALT, -9=missing)",chr17:46797297-47950775,chr17,49373413,47450775,17q21.33,ZNF652,G,A,PASS,3,0,0
rs7209200,categorical,"Genotype call for SNP rs7209200 (0=REF/REF, 1=REF/ALT or ALT/ALT, -9=missing)",chr17:4469940-5638980,chr17,5066645,4969940,17p13.2,ZFP3,C,T,PASS,3,0,0
rs7225151,categorical,"Genotype call for SNP rs7225151 (0=REF/REF, 1=REF/ALT or ALT/ALT, -9=missing)",chr17:4469940-5638980,chr17,5233752,5137047,17p13.2,SCIMP,G,A,PASS,3,0,0
rs113260531,categorical,"Genotype call for SNP rs113260531 (0=REF/REF, 1=REF/ALT or ALT/ALT, -9=missing)",chr17:4469940-5638980,chr17,5235685,5138980,17p13.2,SCIMP,G,A,PASS,3,0,0
rs2632516,categorical,"Genotype call for SNP rs2632516 (0=REF/REF, 1=REF/ALT or ALT/ALT, -9=missing)",chr17:55909089-56910041,chr17,58331728,56409089,17q22,TSPOAP1,G,C,PASS,4,0,0
rs2526377,categorical,"Genotype call for SNP rs2526377 (0=REF/REF, 1=REF/ALT or ALT/ALT, -9=missing)",chr17:55909089-56910041,chr17,58332680,56410041,17q22,TSPOAP1,A,G,PASS,3,0,0
rs138190086,categorical,"Genotype call for SNP rs138190086 (0=REF/REF, 1=REF/ALT or ALT/ALT, -9=missing)",chr17:61038148-62048918,chr17,63460787,61538148,17q23.3,CYB561,G,A,PASS,2,0,0
rs6504163,categorical,"Genotype call for SNP rs6504163 (0=REF/REF, 1=REF/ALT or ALT/ALT, -9=missing)",chr17:61038148-62048918,chr17,63468418,61545779,17q23.3,ACE,C,T,PASS,3,0,0
rs4277405,categorical,"Genotype call for SNP rs4277405 (0=REF/REF, 1=REF/ALT or ALT/ALT, -9=missing)",chr17:61038148-62048918,chr17,63471557,61548918,17q23.3,ACE,C,T,PASS,3,0,0
rs76726049,categorical,"Genotype call for SNP rs76726049 (0=REF/REF, 1=REF/ALT or ALT/ALT, -9=missing)",chr18:55689459-56689459,chr18,58522227,56189459,18q21.31,ALPK2,T,C,PASS,2,0,0
rs111278892,categorical,"Genotype call for SNP rs111278892 (0=REF/REF, 1=REF/ALT or ALT/ALT, -9=missing)",chr19:539323-2354258,chr19,1039324,1039323,19p13.3,CNN2,C,G,PASS,3,0,0
rs3752231,categorical,"Genotype call for SNP rs3752231 (0=REF/REF, 1=REF/ALT or ALT/ALT, -9=missing)",chr19:539323-2354258,chr19,1043639,1043638,19p13.3,ABCA7,C,T,PASS,3,0,0
rs12151021,categorical,"Genotype call for SNP rs12151021 (0=REF/REF, 1=REF/ALT or ALT/ALT, -9=missing)",chr19:539323-2354258,chr19,1050875,1050874,19p13.3,ABCA7,A,G,PASS,3,0,0
rs3752246,categorical,"Genotype call for SNP rs3752246 (0=REF/REF, 1=REF/ALT or ALT/ALT, -9=missing)",chr19:539323-2354258,chr19,1056493,1056492,19p13.3,ABCA7,G,C,PASS,3,0,0
rs4147929,categorical,"Genotype call for SNP rs4147929 (0=REF/REF, 1=REF/ALT or ALT/ALT, -9=missing)",chr19:539323-2354258,chr19,1063444,1063443,19p13.3,ABCA7,A,G,PASS,4,0,0
rs41289512,categorical,"Genotype call for SNP rs41289512 (0=REF/REF, 1=REF/ALT or ALT/ALT, -9=missing)",chr19:44851516-46741841,chr19,44848259,45351516,19q13.32,NECTIN2,C,G,PASS,3,0,0
rs429358,categorical,"Genotype call for SNP rs429358 (0=REF/REF, 1=REF/ALT or ALT/ALT, -9=missing)",chr19:44851516-46741841,chr19,44908684,45411941,19q13.32,APOE,T,C,PASS,3,0,0
rs76320948,categorical,"Genotype call for SNP rs76320948 (0=REF/REF, 1=REF/ALT or ALT/ALT, -9=missing)",chr19:44851516-46741841,chr19,45738583,46241841,19q13.32,MEIOSIN,C,T,PASS,2,0,0
rs2452170,categorical,"Genotype call for SNP rs2452170 (0=REF/REF, 1=REF/ALT or ALT/ALT, -9=missing)",chr19:48713504-49713504,chr19,48710247,49213504,19q13.33,MAMSTR,G,A,PASS,4,0,0
rs9304690,categorical,"Genotype call for SNP rs9304690 (0=REF/REF, 1=REF/ALT or ALT/ALT, -9=missing)",chr19:49953317-50953317,chr19,49950060,50453317,19q13.33,SIGLEC11,C,T,PASS,3,0,0
rs3865444,categorical,"Genotype call for SNP rs3865444 (0=REF/REF, 1=REF/ALT or ALT/ALT, -9=missing)",chr19:51227962-52237991,chr19,51224706,51727962,19q13.41,CD33,C,A,PASS,3,0,0
rs12459419,categorical,"Genotype call for SNP rs12459419 (0=REF/REF, 1=REF/ALT or ALT/ALT, -9=missing)",chr19:51227962-52237991,chr19,51225221,51728477,19q13.41,CD33,C,T,PASS,3,0,0
rs1354106,categorical,"Genotype call for SNP rs1354106 (0=REF/REF, 1=REF/ALT or ALT/ALT, -9=missing)",chr19:51227962-52237991,chr19,51234736,51737991,19q13.41,CD33,T,G,PASS,3,0,0
rs587709,categorical,"Genotype call for SNP rs587709 (0=REF/REF, 1=REF/ALT or ALT/ALT, -9=missing)",chr19:54271451-55325174,chr19,54267597,54771451,19q13.42,LILRB2,C,T,PASS,3,0,0
rs1761461,categorical,"Genotype call for SNP rs1761461 (0=REF/REF, 1=REF/ALT or ALT/ALT, -9=missing)",chr19:54271451-55325174,chr19,54313903,54825174,19q13.42,LILRA5,C,A,PASS,3,0,0
rs115186657,categorical,"Genotype call for SNP rs115186657 (0=REF/REF, 1=REF/ALT or ALT/ALT, -9=missing)",chr2:105735428-106866056,chr2,105618971,106235428,2q12.2,NCK2,A,C,PASS,2,0,0
rs143080277,categorical,"Genotype call for SNP rs143080277 (0=REF/REF, 1=REF/ALT or ALT/ALT, -9=missing)",chr2:105735428-106866056,chr2,105749599,106366056,2q12.2,NCK2,T,C,PASS,2,0,0
rs4663105,categorical,"Genotype call for SNP rs4663105 (0=REF/REF, 1=REF/ALT or ALT/ALT, -9=missing)",chr2:127391427-128392810,chr2,127133851,127891427,2q14.3,BIN1,A,C,PASS,4,0,0
rs6733839,categorical,"Genotype call for SNP rs6733839 (0=REF/REF, 1=REF/ALT or ALT/ALT, -9=missing)",chr2:127391427-128392810,chr2,127135234,127892810,2q14.3,BIN1,C,T,PASS,3,0,0
rs139643391,categorical,"Genotype call for SNP rs139643391 (0=REF/REF, 1=REF/ALT or ALT/ALT, -9=missing)",chr2:203243439-204243439,chr2,202878716,203743439,2q33.2,WDR12,TC,T,PASS,3,0,0
rs10933431,categorical,"Genotype call for SNP rs10933431 (0=REF/REF, 1=REF/ALT or ALT/ALT, -9=missing)",chr2:233481912-234582577,chr2,233117202,233981912,2q37.1,INPP5D,G,C,PASS,3,0,0
rs35349669,categorical,"Genotype call for SNP rs35349669 (0=REF/REF, 1=REF/ALT or ALT/ALT, -9=missing)",chr2:233481912-234582577,chr2,233159830,234068476,2q37.1,INPP5D,C,T,PASS,3,0,0
rs7597763,categorical,"Genotype call for SNP rs7597763 (0=REF/REF, 1=REF/ALT or ALT/ALT, -9=missing)",chr2:233481912-234582577,chr2,233173931,234082577,2q37.1,INPP5D,A,C,PASS,3,0,0
rs17020490,categorical,"Genotype call for SNP rs17020490 (0=REF/REF, 1=REF/ALT or ALT/ALT, -9=missing)",chr2:37031939-38031939,chr2,37304796,37531939,2p22.2,PRKD3,T,C,PASS,4,0,0
rs72777026,categorical,"Genotype call for SNP rs72777026 (0=REF/REF, 1=REF/ALT or ALT/ALT, -9=missing)",chr2:9199011-10199011,chr2,9558882,9699011,2p25.1,ADAM17,A,G,PASS,4,0,0
rs1358782,categorical,"Genotype call for SNP rs1358782 (0=REF/REF, 1=REF/ALT or ALT/ALT, -9=missing)",chr20:1-893978,chr20,413334,393978,20p13,RBCK1,A,G,PASS,4,0,0
rs6069736,categorical,"Genotype call for SNP rs6069736 (0=REF/REF, 1=REF/ALT or ALT/ALT, -9=missing)",chr20:54483075-55518260,chr20,56408019,54983075,20q13.2,CSTF1,C,T,PASS,3,0,0
rs6069737,categorical,"Genotype call for SNP rs6069737 (0=REF/REF, 1=REF/ALT or ALT/ALT, -9=missing)",chr20:54483075-55518260,chr20,56420643,54995699,20q13.2,CASS4,C,T,PASS,3,0,0
rs6024870,categorical,"Genotype call for SNP rs6024870 (0=REF/REF, 1=REF/ALT or ALT/ALT, -9=missing)",chr20:54483075-55518260,chr20,56422512,54997568,20q13.2,CASS4,G,A,PASS,3,0,0
rs6014724,categorical,"Genotype call for SNP rs6014724 (0=REF/REF, 1=REF/ALT or ALT/ALT, -9=missing)",chr20:54483075-55518260,chr20,56423488,54998544,20q13.2,CASS4,A,G,PASS,4,0,0
rs7274581,categorical,"Genotype call for SNP rs7274581 (0=REF/REF, 1=REF/ALT or ALT/ALT, -9=missing)",chr20:54483075-55518260,chr20,56443204,55018260,20q13.31,CASS4,T,C,PASS,3,0,0
rs6742,categorical,"Genotype call for SNP rs6742 (0=REF/REF, 1=REF/ALT or ALT/ALT, -9=missing)",chr20:61874441-62874441,chr20,63743088,62374441,20q13.33,SLC2A4RG,T,C,PASS,3,0,0
rs2154481,categorical,"Genotype call for SNP rs2154481 (0=REF/REF, 1=REF/ALT or ALT/ALT, -9=missing)",chr21:26769932-28656856,chr21,26101558,27473875,21q21.3,APP,C,T,PASS,3,0,0
rs2154482,categorical,"Genotype call for SNP rs2154482 (0=REF/REF, 1=REF/ALT or ALT/ALT, -9=missing)",chr21:26769932-28656856,chr21,26148613,27520931,21q21.3,APP,G,T,PASS,3,0,0
rs2830489,categorical,"Genotype call for SNP rs2830489 (0=REF/REF, 1=REF/ALT or ALT/ALT, -9=missing)",chr21:26769932-28656856,chr21,26775872,28148191,21q21.3,ADAMTS1,C,T,PASS,3,0,0
rs2830500,categorical,"Genotype call for SNP rs2830500 (0=REF/REF, 1=REF/ALT or ALT/ALT, -9=missing)",chr21:26769932-28656856,chr21,26784537,28156856,21q21.3,ADAMTS1,C,A,PASS,3,0,0
rs16824536,categorical,"Genotype call for SNP rs16824536 (0=REF/REF, 1=REF/ALT or ALT/ALT, -9=missing)",chr3:154287511-155301978,chr3,155069722,154787511,3q25.2,MME,G,A,PASS,2,0,0
rs61762319,categorical,"Genotype call for SNP rs61762319 (0=REF/REF, 1=REF/ALT or ALT/ALT, -9=missing)",chr3:154287511-155301978,chr3,155084189,154801978,3q25.2,MME,A,G,PASS,2,0,0
rs184384746,categorical,"Genotype call for SNP rs184384746 (0=REF/REF, 1=REF/ALT or ALT/ALT, -9=missing)",chr3:56726150-57726150,chr3,57192122,57226150,3p14.3,HESX1,C,T,PASS,3,0,0
rs4504245,categorical,"Genotype call for SNP rs4504245 (0=REF/REF, 1=REF/ALT or ALT/ALT, -9=missing)",chr4:10514822-11526028,chr4,11013198,11014822,4p16.1,CLNK,A,G,PASS,3,0,0
rs6846529,categorical,"Genotype call for SNP rs6846529 (0=REF/REF, 1=REF/ALT or ALT/ALT, -9=missing)",chr4:10514822-11526028,chr4,11023507,11025131,4p16.1,CLNK,C,T,PASS,4,0,0
rs6448453,categorical,"Genotype call for SNP rs6448453 (0=REF/REF, 1=REF/ALT or ALT/ALT, -9=missing)",chr4:10514822-11526028,chr4,11024404,11026028,4p16.1,CLNK,A,G,PASS,3,0,0
rs2245466,categorical,"Genotype call for SNP rs2245466 (0=REF/REF, 1=REF/ALT or ALT/ALT, -9=missing)",chr4:39698846-40698846,chr4,40197226,40198846,4p14,RHOH,G,C,PASS,3,0,0
rs3822030,categorical,"Genotype call for SNP rs3822030 (0=REF/REF, 1=REF/ALT or ALT/ALT, -9=missing)",chr4:487343-1487343,chr4,993555,987343,4p16.3,IDUA,GAGTT,"TAGTT,G",PASS,4,0,0
rs112403360,categorical,"Genotype call for SNP rs112403360 (0=REF/REF, 1=REF/ALT or ALT/ALT, -9=missing)",chr5:14224413-15224413,chr5,14724304,14724413,5p15.2,ANKH,T,A,PASS,3,0,0
rs871269,categorical,"Genotype call for SNP rs871269 (0=REF/REF, 1=REF/ALT or ALT/ALT, -9=missing)",chr5:149932388-150932388,chr5,151052827,150432388,5q33.1,TNIP1,C,T,PASS,3,0,0
rs6891966,categorical,"Genotype call for SNP rs6891966 (0=REF/REF, 1=REF/ALT or ALT/ALT, -9=missing)",chr5:156026331-157026331,chr5,157099320,156526331,5q33.3,HAVCR2,A,G,PASS,3,0,0
rs113706587,categorical,"Genotype call for SNP rs113706587 (0=REF/REF, 1=REF/ALT or ALT/ALT, -9=missing)",chr5:179128150-180128150,chr5,180201150,179628150,5q35.3,RASGEF1C,G,A,PASS,3,0,0
rs62374257,categorical,"Genotype call for SNP rs62374257 (0=REF/REF, 1=REF/ALT or ALT/ALT, -9=missing)",chr5:85723195-86723195,chr5,86927378,86223195,5q14.3,COX7C,T,C,PASS,4,0,0
rs190982,categorical,"Genotype call for SNP rs190982 (0=REF/REF, 1=REF/ALT or ALT/ALT, -9=missing)",chr5:87723420-88723420,chr5,88927603,88223420,5q14.3,MEF2C,G,A,PASS,4,0,0
rs785129,categorical,"Genotype call for SNP rs785129 (0=REF/REF, 1=REF/ALT or ALT/ALT, -9=missing)",chr6:114112895-115112895,chr6,114291731,114612895,6q22.1,HS3ST5,T,C,PASS,3,0,0
rs9271058,categorical,"Genotype call for SNP rs9271058 (0=REF/REF, 1=REF/ALT or ALT/ALT, -9=missing)",chr6:32075406-33083813,chr6,32607629,32575406,6p21.32,HLA-DRB1,A,T,PASS,3,0,0
rs9271192,categorical,"Genotype call for SNP rs9271192 (0=REF/REF, 1=REF/ALT or ALT/ALT, -9=missing)",chr6:32075406-33083813,chr6,32610753,32578530,6p21.32,HLA-DQA1,C,A,PASS,4,0,0
rs6605556,categorical,"Genotype call for SNP rs6605556 (0=REF/REF, 1=REF/ALT or ALT/ALT, -9=missing)",chr6:32075406-33083813,chr6,32615322,32583099,6p21.32,HLA-DQA1,A,G,PASS,3,0,0
rs6931277,categorical,"Genotype call for SNP rs6931277 (0=REF/REF, 1=REF/ALT or ALT/ALT, -9=missing)",chr6:32075406-33083813,chr6,32615580,32583357,6p21.32,HLA-DQA1,A,T,PASS,4,0,0
rs1846190,categorical,"Genotype call for SNP rs1846190 (0=REF/REF, 1=REF/ALT or ALT/ALT, -9=missing)",chr6:32075406-33083813,chr6,32616036,32583813,6p21.32,HLA-DQA1,G,A,PASS,3,0,0
rs187370608,categorical,"Genotype call for SNP rs187370608 (0=REF/REF, 1=REF/ALT or ALT/ALT, -9=missing)",chr6:40442196-41654650,chr6,40974457,40942196,6p21.1,UNC5CL,G,A,PASS,2,0,0
rs10947943,categorical,"Genotype call for SNP rs10947943 (0=REF/REF, 1=REF/ALT or ALT/ALT, -9=missing)",chr6:40442196-41654650,chr6,41036354,41004093,6p21.1,UNC5CL,G,A,PASS,3,0,0
rs114812713,categorical,"Genotype call for SNP rs114812713 (0=REF/REF, 1=REF/ALT or ALT/ALT, -9=missing)",chr6:40442196-41654650,chr6,41066261,41034000,6p21.1,OARD1,G,C,PASS,2,0,0
rs143332484,categorical,"Genotype call for SNP rs143332484 (0=REF/REF, 1=REF/ALT or ALT/ALT, -9=missing)",chr6:40442196-41654650,chr6,41161469,41129207,6p21.1,TREM2,C,T,PASS,2,0,0
rs75932628,categorical,"Genotype call for SNP rs75932628 (0=REF/REF, 1=REF/ALT or ALT/ALT, -9=missing)",chr6:40442196-41654650,chr6,41161514,41129252,6p21.1,TREM2,C,T,PASS,2,0,0
rs60755019,categorical,"Genotype call for SNP rs60755019 (0=REF/REF, 1=REF/ALT or ALT/ALT, -9=missing)",chr6:40442196-41654650,chr6,41181270,41149008,6p21.1,TREML2,A,G,PASS,3,0,0
rs9381040,categorical,"Genotype call for SNP rs9381040 (0=REF/REF, 1=REF/ALT or ALT/ALT, -9=missing)",chr6:40442196-41654650,chr6,41186912,41154650,6p21.1,TREML2,C,T,PASS,4,0,0
rs9473117,categorical,"Genotype call for SNP rs9473117 (0=REF/REF, 1=REF/ALT or ALT/ALT, -9=missing)",chr6:46931284-48052180,chr6,47463548,47431284,6p12.3,CD2AP,A,C,PASS,4,0,0
rs9381563,categorical,"Genotype call for SNP rs9381563 (0=REF/REF, 1=REF/ALT or ALT/ALT, -9=missing)",chr6:46931284-48052180,chr6,47464901,47432637,6p12.3,CD2AP,C,T,PASS,4,0,0
rs7767350,categorical,"Genotype call for SNP rs7767350 (0=REF/REF, 1=REF/ALT or ALT/ALT, -9=missing)",chr6:46931284-48052180,chr6,47517390,47485126,6p12.3,CD2AP,C,T,PASS,3,0,0
rs10948363,categorical,"Genotype call for SNP rs10948363 (0=REF/REF, 1=REF/ALT or ALT/ALT, -9=missing)",chr6:46931284-48052180,chr6,47520026,47487762,6p12.3,CD2AP,A,G,PASS,4,0,0
rs9369716,categorical,"Genotype call for SNP rs9369716 (0=REF/REF, 1=REF/ALT or ALT/ALT, -9=missing)",chr6:46931284-48052180,chr6,47584444,47552180,6p12.3,CD2AP,A,T,PASS,4,0,0
rs7384878,categorical,"Genotype call for SNP rs7384878 (0=REF/REF, 1=REF/ALT or ALT/ALT, -9=missing)",chr7:99432049-100591795,chr7,100334426,99932049,7q22.1,SPDYE3,C,T,VQSRTrancheSNP99.80to99.90,3,0,0
rs1859788,categorical,"Genotype call for SNP rs1859788 (0=REF/REF, 1=REF/ALT or ALT/ALT, -9=missing)",chr7:99432049-100591795,chr7,100374211,99971834,7q22.1,PILRA,A,G,PASS,3,0,0
rs1476679,categorical,"Genotype call for SNP rs1476679 (0=REF/REF, 1=REF/ALT or ALT/ALT, -9=missing)",chr7:99432049-100591795,chr7,100406823,100004446,7q22.1,ZCWPW1,C,T,PASS,3,0,0
rs12539172,categorical,"Genotype call for SNP rs12539172 (0=REF/REF, 1=REF/ALT or ALT/ALT, -9=missing)",chr7:99432049-100591795,chr7,100494172,100091795,7q22.1,NYAP1,T,C,PASS,3,0,0
rs5011436,categorical,"Genotype call for SNP rs5011436 (0=REF/REF, 1=REF/ALT or ALT/ALT, -9=missing)",chr7:11768758-12769593,chr7,12229132,12268758,7p21.3,TMEM106B,A,C,PASS,4,0,0
rs13237518,categorical,"Genotype call for SNP rs13237518 (0=REF/REF, 1=REF/ALT or ALT/ALT, -9=missing)",chr7:11768758-12769593,chr7,12229967,12269593,7p21.3,TMEM106B,C,A,PASS,3,0,0
rs10808026,categorical,"Genotype call for SNP rs10808026 (0=REF/REF, 1=REF/ALT or ALT/ALT, -9=missing)",chr7:142599133-143610762,chr7,143402040,143099133,7q34,EPHA1,C,A,PASS,3,0,0
rs3935067,categorical,"Genotype call for SNP rs3935067 (0=REF/REF, 1=REF/ALT or ALT/ALT, -9=missing)",chr7:142599133-143610762,chr7,143407238,143104331,7q35,EPHA1,G,C,PASS,3,0,0
rs7810606,categorical,"Genotype call for SNP rs7810606 (0=REF/REF, 1=REF/ALT or ALT/ALT, -9=missing)",chr7:142599133-143610762,chr7,143411065,143108158,7q35,EPHA1,T,C,PASS,4,0,0
rs11771145,categorical,"Genotype call for SNP rs11771145 (0=REF/REF, 1=REF/ALT or ALT/ALT, -9=missing)",chr7:142599133-143610762,chr7,143413669,143110762,7q35,EPHA1,G,A,PASS,3,0,0
rs114360492,categorical,"Genotype call for SNP rs114360492 (0=REF/REF, 1=REF/ALT or ALT/ALT, -9=missing)",chr7:145450029-146450029,chr7,146252937,145950029,7q35,CNTNAP2,C,T,PASS,2,0,0
rs2718058,categorical,"Genotype call for SNP rs2718058 (0=REF/REF, 1=REF/ALT or ALT/ALT, -9=missing)",chr7:37341534-38383793,chr7,37801932,37841534,7p14.1,GPR141,A,G,PASS,4,0,0
rs6966331,categorical,"Genotype call for SNP rs6966331 (0=REF/REF, 1=REF/ALT or ALT/ALT, -9=missing)",chr7:37341534-38383793,chr7,37844191,37883793,7p14.1,EPDR1,T,C,PASS,4,0,0
rs76928645,categorical,"Genotype call for SNP rs76928645 (0=REF/REF, 1=REF/ALT or ALT/ALT, -9=missing)",chr7:54441328-55441328,chr7,54873635,54941328,7p11.2,SEC61G,C,T,PASS,3,0,0
rs6943429,categorical,"Genotype call for SNP rs6943429 (0=REF/REF, 1=REF/ALT or ALT/ALT, -9=missing)",chr7:7356894-8744012,chr7,7817263,7856894,7p21.3,UMAD1,T,C,PASS,3,0,0
rs10952097,categorical,"Genotype call for SNP rs10952097 (0=REF/REF, 1=REF/ALT or ALT/ALT, -9=missing)",chr7:7356894-8744012,chr7,8204382,8244012,7p21.3,ICA1,T,C,PASS,3,0,0
rs1065712,categorical,"Genotype call for SNP rs1065712 (0=REF/REF, 1=REF/ALT or ALT/ALT, -9=missing)",chr8:11202122-12202122,chr8,11844613,11702122,8p23.1,CTSB,G,C,PASS,3,0,0
rs61732533,categorical,"Genotype call for SNP rs61732533 (0=REF/REF, 1=REF/ALT or ALT/ALT, -9=missing)",chr8:144608151-145658607,chr8,144053248,145108151,8q24.3,OPLAH,G,A,PASS,2,0,0
rs34173062,categorical,"Genotype call for SNP rs34173062 (0=REF/REF, 1=REF/ALT or ALT/ALT, -9=missing)",chr8:144608151-145658607,chr8,144103704,145158607,8q24.3,SHARPIN,G,A,PASS,3,0,0
rs28834970,categorical,"Genotype call for SNP rs28834970 (0=REF/REF, 1=REF/ALT or ALT/ALT, -9=missing)",chr8:26695121-27967686,chr8,27337604,27195121,8p21.2,PTK2B,T,C,PASS,3,0,0
rs73223431,categorical,"Genotype call for SNP rs73223431 (0=REF/REF, 1=REF/ALT or ALT/ALT, -9=missing)",chr8:26695121-27967686,chr8,27362470,27219987,8p21.2,PTK2B,C,T,PASS,3,0,0
rs4236673,categorical,"Genotype call for SNP rs4236673 (0=REF/REF, 1=REF/ALT or ALT/ALT, -9=missing)",chr8:26695121-27967686,chr8,27607412,27464929,8p21.1,CLU,A,G,PASS,4,0,0
rs11787077,categorical,"Genotype call for SNP rs11787077 (0=REF/REF, 1=REF/ALT or ALT/ALT, -9=missing)",chr8:26695121-27967686,chr8,27607795,27465312,8p21.1,CLU,T,C,PASS,4,0,0
rs1532278,categorical,"Genotype call for SNP rs1532278 (0=REF/REF, 1=REF/ALT or ALT/ALT, -9=missing)",chr8:26695121-27967686,chr8,27608798,27466315,8p21.1,CLU,T,C,PASS,3,0,0
rs9331896,categorical,"Genotype call for SNP rs9331896 (0=REF/REF, 1=REF/ALT or ALT/ALT, -9=missing)",chr8:26695121-27967686,chr8,27610169,27467686,8p21.1,CLU,C,T,PASS,3,0,0
rs1800978,categorical,"Genotype call for SNP rs1800978 (0=REF/REF, 1=REF/ALT or ALT/ALT, -9=missing)",chr9:107165978-108165978,chr9,104903697,107665978,9q31.1,ABCA1,C,G,PASS,3,0,0
